file,whisper_script,assigned_label,wer_error
/mnt/mmlab2024/datasets/Backup/final_dataset/wav_split_2/data_1/070/070_000007690.wav,chuyển file thiết bị tìm sống wifi wordgoogle gerlinxin com,chuyển file thiết bị tìm sóng wifi html,50
/mnt/mmlab2024/datasets/Backup/final_dataset/wav_split_2/data_1/070/070_000007583.wav,đồng hồ du lịch thế giới qua website googletravelwalk com,đồng hồ du lịch thế giới báo cáo,50
/mnt/mmlab2024/datasets/Backup/final_dataset/wav_split_2/data_1/027/027_000001754.wav,lãi suất sẽ ở mức 6 10 tỷ,lãi suất sẽ ở mức sáu phẩy,42.85714286
/mnt/mmlab2024/datasets/Backup/final_dataset/wav_split_2/data_1/059/059_000000748.wav,anh ta nói anh chưa xem xét kỹ bản chất,anh chưa xem xét kỹ bản chất,42.85714286
/mnt/mmlab2024/datasets/Backup/final_dataset/wav_split_2/data_1/082/082_000002841.wav,cô như à chắc hẳn là cô đủ thông minh để hiểu vì sao tôi đến đây gặp cô chứ,cô đủ thông minh để hiểu vì sao tôi đến đây gặp cô chứ,42.85714286
/mnt/mmlab2024/datasets/Backup/final_dataset/wav_split_2/data_1/070/070_000008102.wav,chương trình nhà ở toàn cầu wordguyquét habits org,chương trình nhà ở toàn cầu planeta,42.85714286
/mnt/mmlab2024/datasets/Backup/final_dataset/wav_split_2/data_1/014/014_000000757.wav,hoặc hệ gen hoặc với toàn xã hội nói chung,hoặc với toàn xã hội nói chung,42.85714286
/mnt/mmlab2024/datasets/Backup/final_dataset/wav_split_2/data_1/157/157_000002480.wav,người kia có người sống trong rừng trong hang núi,người sống trong rừng trong hang núi,42.85714286
/mnt/mmlab2024/datasets/Backup/final_dataset/wav_split_2/data_1/137/137_000008777.wav,cậu xem đó biết rồi cậu hãy cho anh em đi nhặt dây của địch mà dùng,cậu hãy cho anh em đi nhặt dây của địch mà dùng,41.66666667
/mnt/mmlab2024/datasets/Backup/final_dataset/wav_split_2/data_1/141/141_000003531.wav,không hiểu tại sao nó không hề viết thư về cho mẹ đằng đẵng ba năm ròng,không hề viết thư về cho mẹ đằng đẵng ba năm ròng,41.66666667
/mnt/mmlab2024/datasets/Backup/final_dataset/wav_split_2/data_1/052/052_000000885.wav,những người nhóm đây là những người làm việc ít kiếm nhiều tiền và trả thuế ít,những người làm việc ít kiếm nhiều tiền và trả thuế ít,41.66666667
/mnt/mmlab2024/datasets/Backup/final_dataset/wav_split_2/data_1/063/063_000009170.wav,giữa reova và luis phe giữa những thiên thần cam phận và những thiên thần nổi loạn,giữa những thiên thần cam phận và những thiên thần nổi loạn,41.66666667
/mnt/mmlab2024/datasets/Backup/final_dataset/wav_split_2/data_1/179/179_000003215.wav,nhiều lịch sử phương diện nhiều hơn là đào sâu vào nguyên nhân hay các chi tiết,nhiều hơn là đào sâu vào nguyên nhân hay các chi tiết,41.66666667
/mnt/mmlab2024/datasets/Backup/final_dataset/wav_split_2/data_1/070/070_000007612.wav,các trường học được mỹ tài trợ ở nước ngoài của qweb states go,các trường học được mĩ tài trợ ở nước ngoài nếu việc,41.66666667
/mnt/mmlab2024/datasets/Backup/final_dataset/wav_split_2/data_1/137/137_000002077.wav,con đã gửi thư về cho mẹ con đã quyết định ở đây bố cứ yên tâm là con sẽ không sinh hư đâu,con đã quyết định ở đây bố cứ yên tâm là con sẽ không sinh hư đâu,41.17647059
/mnt/mmlab2024/datasets/Backup/final_dataset/wav_split_2/data_1/083/083_000004519.wav,của sergio hodgson từ quê nhà the creed của ông ta hay vụ tàn sát hàng loạt tín đồ chelsea sau cuộc nổi dậy thất bại của họ vào năm,của ông ta hay vụ tàn sát hàng loạt tín đồ shia sau cuộc nổi dậy thất bại của họ vào năm,40.90909091
/mnt/mmlab2024/datasets/Backup/final_dataset/wav_split_2/data_1/059/059_000002181.wav,tôi hỏi tôi hiểu ý cô rồi,tôi hiểu ý cô rồi,40
/mnt/mmlab2024/datasets/Backup/final_dataset/wav_split_2/data_1/059/059_000008326.wav,anh khác anh uống nước đủ rồi,anh uống nước đủ rồi,40
/mnt/mmlab2024/datasets/Backup/final_dataset/wav_split_2/data_1/074/074_000004382.wav,những giềng những khao khát của bạn,những khao khát của bạn,40
/mnt/mmlab2024/datasets/Backup/final_dataset/wav_split_2/data_1/015/015_000006100.wav,cô như cô cậu từ mười hai,cô cậu từ mười hai,40
/mnt/mmlab2024/datasets/Backup/final_dataset/wav_split_2/data_1/059/059_000002248.wav,tôi đáp tôi cũng không nói được,tôi cũng không nói được,40
/mnt/mmlab2024/datasets/Backup/final_dataset/wav_split_2/data_1/089/089_000000277.wav,có tàng có táng có hương án thờ vua được sắc phong cho cụ,có hương án thờ vua được sắc phong cho cụ,40
/mnt/mmlab2024/datasets/Backup/final_dataset/wav_split_2/data_1/082/082_000002983.wav,không em không muốn ai khác cả,không muốn ai khác cả,40
/mnt/mmlab2024/datasets/Backup/final_dataset/wav_split_2/data_1/116/116_000000541.wav,bạch trực bạch phục linh cam thảo,bạch phục linh cam thảo,40
/mnt/mmlab2024/datasets/Backup/final_dataset/wav_split_2/data_1/189/189_000000723.wav,thôi được thôi được ông cụ nói,thôi được ông cụ nói,40
/mnt/mmlab2024/datasets/Backup/final_dataset/wav_split_2/data_1/071/071_000012770.wav,ánh sáng bài làm ánh sáng thực ra mấy thứ đó là gì ạ,ánh sáng thực ra mấy thứ đó là gì ạ,40
/mnt/mmlab2024/datasets/Backup/final_dataset/wav_split_2/data_1/082/082_000003141.wav,bác à bác đừng quá kích động,bác đừng quá kích động,40
/mnt/mmlab2024/datasets/Backup/final_dataset/wav_split_2/data_1/059/059_000008243.wav,tôi nói tôi không nhớ được nhiều,tôi không nhớ được nhiều,40
/mnt/mmlab2024/datasets/Backup/final_dataset/wav_split_2/data_1/027/027_000001706.wav,thì nó vẫn mang lại lợi nhuận 1 6 phần trăm,thì nó vẫn mang lại lợi nhuận một phẩy sáu,40
/mnt/mmlab2024/datasets/Backup/final_dataset/wav_split_2/data_1/090/090_000004731.wav,vừa chạy mi sa vừa hỏi còn cậu cậu sẽ đi bằng cách nào,vừa hỏi còn cậu cậu sẽ đi bằng cách nào,40
/mnt/mmlab2024/datasets/Backup/final_dataset/wav_split_2/data_1/163/163_000007126.wav,báo ưng báo hiếu cho cha mẹ,báo hiếu cho cha mẹ,40
/mnt/mmlab2024/datasets/Backup/final_dataset/wav_split_2/data_1/026/026_000005050.wav,được mổ được mả chuyện phúc đức,được mả chuyện phúc đức,40
/mnt/mmlab2024/datasets/Backup/final_dataset/wav_split_2/data_1/059/059_000005774.wav,có gì có một số hiện tượng,có một số hiện tượng,40
/mnt/mmlab2024/datasets/Backup/final_dataset/wav_split_2/data_1/059/059_000004457.wav,tôi nói tôi không đeo đồng hồ,tôi không đeo đồng hồ,40
/mnt/mmlab2024/datasets/Backup/final_dataset/wav_split_2/data_1/147/147_000006489.wav,tôi bậy tôi trả lời nhỏ nhẹ,tôi trả lời nhỏ nhẹ,40
/mnt/mmlab2024/datasets/Backup/final_dataset/wav_split_2/data_2/301/301_000000167.wav,là nhiều nguồn tin cho rằng đó là một nỗ lực chạy trốn sang liên xô sau một âm mưu ám sát chống phá mao,là một nỗ lực chạy trốn sang liên xô sau một âm mưu ám sát chống phá mao,38.88888889
/mnt/mmlab2024/datasets/Backup/final_dataset/wav_split_2/data_1/088/088_000000297.wav,quốc công tâu rằng quốc triều ta đóng đô ở đây là chỗ cơ nghiệp mua năm,quốc triều ta đóng đô ở đây là chỗ cơ nghiệp muôn năm,38.46153846
/mnt/mmlab2024/datasets/Backup/final_dataset/wav_split_2/data_1/166/166_000002536.wav,đánh bằng cương lũ đánh mã thượng quân tử đánh đối mặt giật chết không ân hận,đánh mã thượng quân tử đánh đối mặt và chết không ân hận,38.46153846
/mnt/mmlab2024/datasets/Backup/final_dataset/wav_split_2/data_1/147/147_000006364.wav,chị sẽ đến với mác chị sẽ nói với mẹ rằng em đã không quên lời mẹ dặn,chị sẽ nói với mẹ rằng em đã không quên lời mẹ dặn,38.46153846
/mnt/mmlab2024/datasets/Backup/final_dataset/wav_split_2/data_1/124/124_000006526.wav,người hùng của vc đó rồi là người anh hùng hiểu chưa tay này đánh sập bộ chỉ huy chiến đoàn năm hai của các cậu đó,người anh hùng hiểu chưa tay này đánh sập bộ chỉ huy chiến đoàn năm mươi hai của các cậu đó,38.0952381
/mnt/mmlab2024/datasets/Backup/final_dataset/wav_split_2/data_1/129/129_000002107.wav,ông ở trên đây á ông biết thế nào là rét thái nguyên rồi mà lại còn quên đó thật là,ông biết thế nào là rét thái nguyên rồi mà lại còn quên rõ thật là,37.5
/mnt/mmlab2024/datasets/Backup/final_dataset/wav_split_2/data_1/132/132_000003551.wav,năm thứ năm năm hai trăm lẻ hai trước công nguyên,năm hai trăm lẻ hai trước công nguyên,37.5
/mnt/mmlab2024/datasets/Backup/final_dataset/wav_split_2/data_1/148/148_000004494.wav,thì gần đây thì gần như ngày nào cũng có mưa,thì gần như ngày nào cũng có mưa,37.5
/mnt/mmlab2024/datasets/Backup/final_dataset/wav_split_2/data_1/029/029_000000596.wav,nói về nói em chẳng bao giờ hiểu được ozil,nói em chẳng bao giờ hiểu được audrey,37.5
/mnt/mmlab2024/datasets/Backup/final_dataset/wav_split_2/data_1/039/039_000001904.wav,ra phố ra xe lấy máy truyền dấu dân tay,ra xe lấy máy truyền dấu vân tay,37.5
/mnt/mmlab2024/datasets/Backup/final_dataset/wav_split_2/data_1/090/090_000003719.wav,đến là rà đến tình yêu của mình đối với nàng,đến tình yêu của mình đối với nàng,37.5
/mnt/mmlab2024/datasets/Backup/final_dataset/wav_split_2/data_1/011/011_000001716.wav,rất rất rất rất rất nhiều vấn đề sẽ nảy sinh,rất rất nhiều vấn đề sẽ nảy sinh,37.5
/mnt/mmlab2024/datasets/Backup/final_dataset/wav_split_2/data_1/070/070_000008060.wav,nhà thám hiểm các quỹ từ thiện wordwebs charitynavigator org,nhà thám hiểm các quỹ từ thiện nhà,37.5
/mnt/mmlab2024/datasets/Backup/final_dataset/wav_split_2/data_1/129/129_000000222.wav,tôi cụm thức tôi ca ngợi cái hầm kiên cố đó,tôi ca ngợi cái hầm kiên cố đó,37.5
/mnt/mmlab2024/datasets/Backup/final_dataset/wav_split_2/data_1/086/086_000001314.wav,không trời không thể trời đang làm cái gì vậy,không thể trò đang làm cái gì vậy,37.5
/mnt/mmlab2024/datasets/Backup/final_dataset/wav_split_2/data_1/147/147_000002370.wav,ba tôi nói ba giọng nói khác đồng loạt trả lời,ba giọng nói khác đồng loạt trả lời,37.5
/mnt/mmlab2024/datasets/Backup/final_dataset/wav_split_2/data_1/128/128_000002004.wav,đọt chiếc đọt rau câu đọt chùm ruột rau nghệ,đọt rau câu đọt chùm ruột rau nghễ,37.5
/mnt/mmlab2024/datasets/Backup/final_dataset/wav_split_2/data_1/137/137_000002628.wav,tiếng máy radar tiếng máy bay khởi động trên đường băng,tiếng máy bay khởi động trên đường băng,37.5
/mnt/mmlab2024/datasets/Backup/final_dataset/wav_split_2/data_1/059/059_000008535.wav,không chỉ là không có nghĩa vụ mà là cấm đoán,không có nghĩa vụ mà là cấm đoán,37.5
/mnt/mmlab2024/datasets/Backup/final_dataset/wav_split_2/data_1/059/059_000003748.wav,anh ta nói anh không còn việc gì khác để làm,anh không còn việc gì khác để làm,37.5
/mnt/mmlab2024/datasets/Backup/final_dataset/wav_split_2/data_1/105/105_000002736.wav,có vẻ có khả năng đáp ứng nhu cầu đó,có khả năng đấp ứng nhu cầu đó,37.5
/mnt/mmlab2024/datasets/Backup/final_dataset/wav_split_2/data_1/012/012_000000652.wav,một thái độ một trạng thái khác thường của trí óc,một trạng thái khác thường của trí óc,37.5
/mnt/mmlab2024/datasets/Backup/final_dataset/wav_split_2/data_2/146/146_000000178.wav,đồng thời dao cũng kêu gọi các sàn giao dịch khác tung ra p o r và được hưởng ứng khá nhiệt tình từ harveycrystery com và nhiều bên khác,đồng thời zhao cũng kêu gọi các sàn giao dịch khác tung ra por và được hưởng ứng khá nhiệt tình từ huobi crypto com etc xem,37.03703704
/mnt/mmlab2024/datasets/Backup/final_dataset/wav_split_2/data_2/528/528_000000178.wav,đồng thời dao cũng kêu gọi các sàn giao dịch khác tung ra p o r và được hưởng ứng khá nhiệt tình từ harveycrystery com và nhiều bên khác,đồng thời zhao cũng kêu gọi các sàn giao dịch khác tung ra por và được hưởng ứng khá nhiệt tình từ huobi crypto com etc xem,37.03703704
/mnt/mmlab2024/datasets/Backup/final_dataset/wav_split_2/data_1/129/129_000001339.wav,tôi khóc đôi bắt tôi cứ tuôn trào mặc dù tôi khóc không ra tiếng,tôi cứ tuôn trào mặc dù tôi khóc không ra tiếng,36.36363636
/mnt/mmlab2024/datasets/Backup/final_dataset/wav_split_2/data_1/073/073_000008426.wav,tuôn trào cảm xúc tuôn trào niềm vui mà họ đã trải qua gần đây,tuôn trào niềm vui mà họ đã trải qua gần đây,36.36363636
/mnt/mmlab2024/datasets/Backup/final_dataset/wav_split_2/data_1/050/050_000002099.wav,tục sa thì tục đòi hỏi một quá phụ phải quyên sinh tại đám,tục đòi hỏi một góa phụ phải quyên sinh tại đám,36.36363636
/mnt/mmlab2024/datasets/Backup/final_dataset/wav_split_2/data_1/059/059_000003802.wav,anh đã nói anh chưa nghe ra trọng điểm trong lời nói trước học,anh chưa nghe ra trọng điểm trong lời nói triết học,36.36363636
/mnt/mmlab2024/datasets/Backup/final_dataset/wav_split_2/data_1/182/182_000000935.wav,ông cai thợ mai ông vẫn ký tên ở các báo mục phụ nữ là,ông vẫn ký tên ở các báo mục phụ nữ là,36.36363636
/mnt/mmlab2024/datasets/Backup/final_dataset/wav_split_2/data_1/148/148_000005936.wav,sao phải thêm vào những sao phải thêm vào khi bạn sinh ra đã có đủ thứ bạn cần,sao phải thêm vào khi bạn sinh ra đã có đủ thứ bạn cần,35.71428571
/mnt/mmlab2024/datasets/Backup/final_dataset/wav_split_2/data_1/010/010_000001403.wav,tôi hoàn toàn cuốn sách tôi hoàn thành cuốn sách bất chấp một chút khó khăn và mặc cảm,tôi hoàn thành cuốn sách bất chấp một chút khó khăn và mặc cảm,35.71428571
/mnt/mmlab2024/datasets/Backup/final_dataset/wav_split_2/data_1/086/086_000006671.wav,khi nhóm tuổi của rooney được gọi lên để tham gia phần thi chạy cờ lia 1 5m,khi nhóm tuổi của rudy được gọi tên để tham gia phần thi chạy cự li một,35.29411765
/mnt/mmlab2024/datasets/Backup/final_dataset/wav_split_2/data_1/163/163_000012925.wav,cái xẩy nảy cái ung nói chuyện duy ngọc tức mật hồ ngứa miệng nói luôn chuyện bảy khối ngọc,cái ung nói chuyện viên ngọc tức mặc hầu ngứa miệng nói luôn chuyện bảy khối ngọc,35.29411765
/mnt/mmlab2024/datasets/Backup/final_dataset/wav_split_2/data_2/183/183_000000197.wav,tới tận thế kỷ thứ mười chín tới tận thế kỷ mười chín các sử gia mới tìm được toàn bộ bản ghi về phiên tòa minh oan cho cô,tới tận thế kỷ mười chín các sử gia mới tìm được toàn bộ bản ghi về phiên toà minh oan cho cô,34.7826087
/mnt/mmlab2024/datasets/Backup/final_dataset/wav_split_2/data_1/164/164_000002838.wav,thôi thôi giời ơi,thôi giời ơi,33.33333333
/mnt/mmlab2024/datasets/Backup/final_dataset/wav_split_2/data_1/081/081_000005275.wav,võ tính võ nhân đỗ nhàn chập vâng lệnh lui ra,võ nhân đỗ nhàn trập vâng lệnh lui ra,33.33333333
/mnt/mmlab2024/datasets/Backup/final_dataset/wav_split_2/data_1/120/120_000000658.wav,nhện tarrantula nhện sói nhện lưng vĩ cầm bọ cạp bạc,nhện sói nhện lưng vĩ cầm bọ cạp bark,33.33333333
/mnt/mmlab2024/datasets/Backup/final_dataset/wav_split_2/data_1/130/130_000001937.wav,thấy cùng thấy thế lý làm mừng rỡ mà nói rằng,thấy thế lấy làm mừng rỡ mà nói rằng,33.33333333
/mnt/mmlab2024/datasets/Backup/final_dataset/wav_split_2/data_2/152/152_000000138.wav,sau sự kiện the remix ever chuyển mình qua giai đoạn 2 0,sau sự kiện the merge ether chuyển mình qua giai đoạn hai,33.33333333
/mnt/mmlab2024/datasets/Backup/final_dataset/wav_split_2/data_1/012/012_000003583.wav,hàng tuần hàng tháng và hàng năm sau,hàng tháng và hàng năm sau,33.33333333
/mnt/mmlab2024/datasets/Backup/final_dataset/wav_split_2/data_1/059/059_000004652.wav,không không phải tôi,không phải tôi,33.33333333
/mnt/mmlab2024/datasets/Backup/final_dataset/wav_split_2/data_1/086/086_000000092.wav,tôi la lừng cứng tôi khởi sự tôi trở nên quan tâm đến đứa bé gái,tôi khởi sự tôi trở nên quan tâm đến đứa bé gái,33.33333333
/mnt/mmlab2024/datasets/Backup/final_dataset/wav_split_2/data_1/162/162_000002849.wav,ôi dồi ôi thằng này như thằng điên,ôi thằng này như thằng điên,33.33333333
/mnt/mmlab2024/datasets/Backup/final_dataset/wav_split_2/data_1/132/132_000014929.wav,nhà vua cầm ghép nhà vua và bố nhìn thấy nhau nhà vua từ xa gọi,nhà vua và bố nhìn thấy nhau nhà vua từ xa gọi,33.33333333
/mnt/mmlab2024/datasets/Backup/final_dataset/wav_split_2/data_1/147/147_000002213.wav,chị chê chị ra các thím các chú,chị ra các thím các chú,33.33333333
/mnt/mmlab2024/datasets/Backup/final_dataset/wav_split_2/data_1/163/163_000007371.wav,vậy vậy có phải thằng cũ đã giết tôi không,vậy có phải thằng cửu nó giết tôi không,33.33333333
/mnt/mmlab2024/datasets/Backup/final_dataset/wav_split_2/data_1/117/117_000002436.wav,một bún một cốc sữa chua không đường,một cốc sữa chua không đường,33.33333333
/mnt/mmlab2024/datasets/Backup/final_dataset/wav_split_2/data_2/533/533_000000138.wav,sau sự kiện the remix ever chuyển mình qua giai đoạn 2 0,sau sự kiện the merge ether chuyển mình qua giai đoạn hai,33.33333333
/mnt/mmlab2024/datasets/Backup/final_dataset/wav_split_2/data_1/147/147_000006144.wav,về bọn chơ lốp về người lãnh đạo làng về sự trừng phạt có thể có,về người lãnh đạo làng về sự trừng phạt có thể có,33.33333333
/mnt/mmlab2024/datasets/Backup/final_dataset/wav_split_2/data_1/142/142_000002972.wav,ăn ăn cam đi,ăn cam đi,33.33333333
/mnt/mmlab2024/datasets/Backup/final_dataset/wav_split_2/data_1/047/047_000002561.wav,kết thân với đàn ông kết nối với đàn ông là điều thiết yếu để lấy lại sự nam tính,kết nối với đàn ông là điều thiết yếu để lấy lại sự nam tính,33.33333333
/mnt/mmlab2024/datasets/Backup/final_dataset/wav_split_2/data_1/097/097_000000476.wav,chiều cao chiều dài tương ứng mỗi cạnh bên là,chiều dài tương ứng ở mỗi cạnh bên là,33.33333333
/mnt/mmlab2024/datasets/Backup/final_dataset/wav_split_2/data_1/059/059_000001789.wav,anh ta nói anh nghĩ hẹp quá người chỉ là một từ,anh nghĩ hẹp quá người chỉ là một từ,33.33333333
/mnt/mmlab2024/datasets/Backup/final_dataset/wav_split_2/data_1/131/131_000008324.wav,sách luận sách sử luận thuyết y học,sách sử luận thuyết y học,33.33333333
/mnt/mmlab2024/datasets/Backup/final_dataset/wav_split_2/data_1/143/143_000002725.wav,có cao lô có tiếng kêu thật xa ở một cầu đá,có tiếng kêu thật xa ở một cầu đá,33.33333333
/mnt/mmlab2024/datasets/Backup/final_dataset/wav_split_2/data_1/059/059_000001776.wav,tôi nói cái này thì tôi biết thời đại loài người chính là thời kỳ người cổ mười mấy vài năm về trước,tôi biết thời đại loài người chính là thời kỳ người cổ mười mấy vạn năm về trước,33.33333333
/mnt/mmlab2024/datasets/Backup/final_dataset/wav_split_2/data_1/163/163_000000909.wav,út ồn út đơ út toa út cát,út đơ út toa út cát,33.33333333
/mnt/mmlab2024/datasets/Backup/final_dataset/wav_split_2/data_1/163/163_000000417.wav,tật húc và tật cờ bạc ông thảo đủ hốt me cờ đề bài bạc,tật cờ bạc ông thạo đủ hốt me cờ đề bài bạc,33.33333333
/mnt/mmlab2024/datasets/Backup/final_dataset/wav_split_2/data_1/059/059_000003848.wav,anh ta hỏi anh có từng chơi trò đổi góc độ chưa,anh có từng chơi trò đổi góc độ chưa,33.33333333
/mnt/mmlab2024/datasets/Backup/final_dataset/wav_split_2/data_1/026/026_000004268.wav,vợ san hay vợ thứ thì cũng vô học như nhau cả,vợ thứ thì cũng vô học như nhau cả,33.33333333
/mnt/mmlab2024/datasets/Backup/final_dataset/wav_split_2/data_1/026/026_000003625.wav,con con của mình sàn triết lý,con của mình san triết lý,33.33333333
/mnt/mmlab2024/datasets/Backup/final_dataset/wav_split_2/data_1/141/141_000000716.wav,ngày từ ngày vẫn trôi qua nặng nề,ngày vẫn trôi qua nặng nề,33.33333333
/mnt/mmlab2024/datasets/Backup/final_dataset/wav_split_2/data_1/157/157_000002246.wav,đèo cù mông đèo cù mông vắt ngang dãy núi cùng tên,đèo cù mông vắt ngang dãy núi cùng tên,33.33333333
/mnt/mmlab2024/datasets/Backup/final_dataset/wav_split_2/data_1/001/001_000002878.wav,cậu tên là san thiago cậu đến ngôi nhà thờ nhỏ hoang phế kia khi trời vừa nhá nhem tối,cậu đến ngôi nhà thờ nhỏ hoang phế kia khi trời vừa nhá nhem tối,33.33333333
/mnt/mmlab2024/datasets/Backup/final_dataset/wav_split_2/data_1/088/088_000008002.wav,thế thế nào trịnh văn công cũng phải ra phòng,thế nào trịnh văn công cũng phải gia phong,33.33333333
/mnt/mmlab2024/datasets/Backup/final_dataset/wav_split_2/data_1/156/156_000001603.wav,đó đó là vì lễ pháp thôi,đó là vì lễ phép thôi,33.33333333
/mnt/mmlab2024/datasets/Backup/final_dataset/wav_split_2/data_1/179/179_000002969.wav,kinh này kinh đó thuộc về thời nào trong ngũ thời pháp quan nhiên,kinh đó thuộc về thời nào trong ngũ thời pháp hoa nghiêm,33.33333333
/mnt/mmlab2024/datasets/Backup/final_dataset/wav_split_2/data_1/179/179_000002971.wav,từng hang từng chữ bắt học trò phiên nghiệm ngẫm ý nghĩa của nó,từng chữ bắt học trò phải nghiền ngẫm ý nghĩa của nó,33.33333333
/mnt/mmlab2024/datasets/Backup/final_dataset/wav_split_2/data_1/061/061_000004043.wav,chỗ nổi chỗ lõm một cách ghê rợn,chỗ lõm một cách ghê rợn,33.33333333
/mnt/mmlab2024/datasets/Backup/final_dataset/wav_split_2/data_2/226/226_000000127.wav,cùng năm đó go bô đã cùng một nhóm làm phim sang ba lan để dàn dựng một bộ phim tài liệu về người do thái,cùng một nhóm làm phim đã sang ba lan để dàn dựng một bộ phim tài liệu về người do thái,33.33333333
/mnt/mmlab2024/datasets/Backup/final_dataset/wav_split_2/data_1/188/188_000001349.wav,bác bác bảo là,bác bảo là,33.33333333
/mnt/mmlab2024/datasets/Backup/final_dataset/wav_split_2/data_1/010/010_000003482.wav,đem đi đem đồ đi sạch mua thực phẩm cần thiết,đem đồ đi giặt mua thực phẩm cần thiết,33.33333333
/mnt/mmlab2024/datasets/Backup/final_dataset/wav_split_2/data_1/156/156_000006761.wav,có ông không có thể dùng món dưa cải bắp thái nhỏ,có thể dùng món dưa cải bắp thái nhỏ,33.33333333
/mnt/mmlab2024/datasets/Backup/final_dataset/wav_split_2/data_1/115/115_000001357.wav,của niệu quản của bàng quang của buồng trứng của tử cung,của bàng quang của buồng trứng của tử cung,33.33333333
/mnt/mmlab2024/datasets/Backup/final_dataset/wav_split_2/data_2/598/598_000000127.wav,cùng năm đó go bô đã cùng một nhóm làm phim sang ba lan để dàn dựng một bộ phim tài liệu về người do thái,cùng một nhóm làm phim đã sang ba lan để dàn dựng một bộ phim tài liệu về người do thái,33.33333333
/mnt/mmlab2024/datasets/Backup/final_dataset/wav_split_2/data_1/090/090_000010058.wav,ríu rà ríu rít ngây thơ hồn nhiên,ríu rít ngây thơ hồn nhiên,33.33333333
/mnt/mmlab2024/datasets/Backup/final_dataset/wav_split_2/data_1/059/059_000007767.wav,không phải là không chịu sự khống chế mà là trước mắt,không chịu sự khống chế mà là trước mắt,33.33333333
/mnt/mmlab2024/datasets/Backup/final_dataset/wav_split_2/data_1/026/026_000003262.wav,y tầm tầm y không còn nhìn lân bằng những con mắt,y không còn nhìn lân bằng những con mắt,33.33333333
/mnt/mmlab2024/datasets/Backup/final_dataset/wav_split_2/data_1/057/057_000002216.wav,không xinh không già không diệt bất tử,không già không diệt bất tử,33.33333333
/mnt/mmlab2024/datasets/Backup/final_dataset/wav_split_2/data_1/092/092_000001713.wav,anh anh nói người nước tè tôi,anh nói người nước tề tôi,33.33333333
/mnt/mmlab2024/datasets/Backup/final_dataset/wav_split_2/data_1/088/088_000008814.wav,kìa kìa suối ngập mà đất nục,kìa suối ngọt mà đất nục,33.33333333
/mnt/mmlab2024/datasets/Backup/final_dataset/wav_split_2/data_1/072/072_000004798.wav,hay lợi ích hay dựa trên lợi ích cách đây nhiều năm,hay dựa trên lợi ích cách đây nhiều năm,33.33333333
/mnt/mmlab2024/datasets/Backup/final_dataset/wav_split_2/data_1/143/143_000000418.wav,hạ sĩ trần tu hạ sĩ trần tu ngồi gần máy phía sau thuyền bật ngửa,hạ sĩ trần tu ngồi gần máy phía sau thuyền bật ngửa,33.33333333
/mnt/mmlab2024/datasets/Backup/final_dataset/wav_split_2/data_1/059/059_000007914.wav,tôi hỏi tôi vừa cho anh xem video,tôi vừa cho anh xem video,33.33333333
/mnt/mmlab2024/datasets/Backup/final_dataset/wav_split_2/data_1/059/059_000008296.wav,không không ngược lại,không ngược lại,33.33333333
/mnt/mmlab2024/datasets/Backup/final_dataset/wav_split_2/data_1/131/131_000007901.wav,chúng sau này được sao chép lại bằng tiếng syria cổ trong cuốn lịch sử cuộc đời và các chuyến đi của r a b b a n suam ma,chúng sau này được sao chép lại bằng tiếng syria cổ trong cuốn lịch sử cuộc đời và các chuyến đi của rabban svê képama,32
/mnt/mmlab2024/datasets/Backup/final_dataset/wav_split_2/data_1/088/088_000003993.wav,chi bằng hãy chịu ẩn nhẫn xin với vua tề xét cho việc biến cố trong xe khiến tề giết công tử bành sinh đi,chịu ẩn nhẫn xin với vua tề xét cho cái việc nghi tình ở trong xe ấy khiến tề giết công tử bành sinh đi,32
/mnt/mmlab2024/datasets/Backup/final_dataset/wav_split_2/data_1/086/086_000004022.wav,tớ biết rồi tớ đã ở đó mà tớ thì sao tớ có nghĩ là tớ đã thấy cảnh đó rồi đồ con lợn à,tớ đã ở đó mà thế thì sao thế có nghĩa là tớ đã thấy cảnh đó rồi đồ con lợn làm,31.81818182
/mnt/mmlab2024/datasets/Backup/final_dataset/wav_split_2/data_2/675/675_000000126.wav,những người chống đốt xã hội nguy hiểm bao gồm cả người trưởng thành và thanh thiếu niên những người này gây án chủ yếu vì mục đích,sự hiểm bao gồm cả người trưởng thành và thanh thiếu niên những người này gây án chủ yếu vì mục đích,31.81818182
/mnt/mmlab2024/datasets/Backup/final_dataset/wav_split_2/data_2/479/479_000000116.wav,tám mươi sáu đến năm một ngàn tám trăm tám mươi bảy là thời gian của những cơn đau đầu khủng khiếp và những giọt nước mắt cay đắng,tám trăm tám mươi bảy là thời gian của những cơn đau đầu khủng khiếp và những giọt nước mắt cay đắng,31.81818182
/mnt/mmlab2024/datasets/Backup/final_dataset/wav_split_2/data_1/130/130_000007036.wav,có phải là kaka có lòng tử tế thì tôi sẽ nói cho kaka nghe chứ đừng mang tiền ra mà lòe tôi như vậy,có lòng tử tế thì tôi sẽ nói cho ca ca nghe chứ đừng mang tiền ra mà lòe tôi như thế,31.81818182
/mnt/mmlab2024/datasets/Backup/final_dataset/wav_split_2/data_2/095/095_000000116.wav,tám mươi sáu đến năm một ngàn tám trăm tám mươi bảy là thời gian của những cơn đau đầu khủng khiếp và những giọt nước mắt cay đắng,tám trăm tám mươi bảy là thời gian của những cơn đau đầu khủng khiếp và những giọt nước mắt cay đắng,31.81818182
/mnt/mmlab2024/datasets/Backup/final_dataset/wav_split_2/data_1/086/086_000003741.wav,lại các tướng maria jesus joseph lại một đống nữa max quay đầu lại xin lỗi những từ ngữ anh nói ra trơn tuột và nhỏ bé,lại một đống nữa max quay đầu lại và xin lỗi những từ ngữ anh nói ra trơn tuột và nhỏ bé,31.81818182
/mnt/mmlab2024/datasets/Backup/final_dataset/wav_split_2/data_1/167/167_000001831.wav,cả tôi nữa tất cả chúng tôi tề tựu trong căn nhà vòm của mình vì một mục đích duy nhất là được tĩnh lặng,cả chúng tôi tê tựu trong căn nhà vòm của mình vì một mục đích duy nhâ t là được tĩnh lặng,31.81818182
/mnt/mmlab2024/datasets/Backup/final_dataset/wav_split_2/data_2/290/290_000000126.wav,những người chống đốt xã hội nguy hiểm bao gồm cả người trưởng thành và thanh thiếu niên những người này gây án chủ yếu vì mục đích,sự hiểm bao gồm cả người trưởng thành và thanh thiếu niên những người này gây án chủ yếu vì mục đích,31.81818182
/mnt/mmlab2024/datasets/Backup/final_dataset/wav_split_2/data_1/167/167_000001755.wav,cuộc sống là vũ công còn bạn là điệu nhảy niềm vui và sức sống nảy sinh từ chỗ,là vũ công còn bạn là điệu nhảy niê m vui và sức sô ng nảy sinh từ chỗ,31.57894737
/mnt/mmlab2024/datasets/Backup/final_dataset/wav_split_2/data_1/167/167_000002717.wav,định luận này phát huy tác dụng bất cứ lúc nào bất kể bạn có nhận ra hay không,này phát huy tác dụng bâ t cứ lúc nào bâ t kể bạn có nhận ra hay không,31.57894737
/mnt/mmlab2024/datasets/Backup/final_dataset/wav_split_2/data_1/027/027_000004255.wav,bị rút được trả tiền để đánh những cú hôn răng và đã đánh bảy trăm mười bốn quả,được trả tiền để đánh những cú home run ba mươi và đã đánh bảy trăm mười bốn quả,31.57894737
/mnt/mmlab2024/datasets/Backup/final_dataset/wav_split_2/data_1/088/088_000014732.wav,nguyên hiến nói thúc vũ còn có lòng với anh chả lẽ ta lại dám quên vua hay sao,nói thúc vũ còn có lòng tử tế với anh nữa là ta lại dám quên vua hay sao,31.57894737
/mnt/mmlab2024/datasets/Backup/final_dataset/wav_split_2/data_1/060/060_000003218.wav,hãy trung bình hãy đưa ông cụ vào một nhà nào gần đây để cho ông cụ nghỉ ngơi,hãy đưa ông cụ vào một nhà nào gần đây để cho ông cụ nằm nghỉ,31.25
/mnt/mmlab2024/datasets/Backup/final_dataset/wav_split_2/data_1/138/138_000002553.wav,ngọn ruồi quái ác như lưỡi dao sắt băm dọc trên hai đoạn đùi còn lại,quái ác như lưỡi dao sắc băm dọc xương đùi trên hai đoạn đùi còn lại,31.25
/mnt/mmlab2024/datasets/Backup/final_dataset/wav_split_2/data_1/072/072_000007612.wav,làm nghèo đời sống dân sự nó cũng tạo điều kiện cho chủ nghĩa tín điều hẹp hòi cố chấp,hãi sự nó cũng tạo điều kiện cho chủ nghĩa tín điều hẹp hòi cố chấp,31.25
/mnt/mmlab2024/datasets/Backup/final_dataset/wav_split_2/data_1/061/061_000012016.wav,chính cái nhìn ấy đã quen lôi vào tròng quán bao nhiêu kẻ khốn khổn,cái nhìn ấy hắn đã quen lôi vào tròng của hắn bao nhiêu kẻ khốn khổ,31.25
/mnt/mmlab2024/datasets/Backup/final_dataset/wav_split_2/data_1/139/139_000013497.wav,một ngàn tám trăm bốn mốt một ngàn tám trăm bốn bảy niên hiệu thiệu trị,tám trăm bốn mươi mốt một nghìn tám trăm bốn mươi bảy niên hiệu thiệu trị,31.25
/mnt/mmlab2024/datasets/Backup/final_dataset/wav_split_2/data_1/139/139_000013596.wav,một ngàn tám trăm bốn bảy một ngàn tám trăm tám ba niên hiệu tự đức,tám trăm bốn mươi bảy một nghìn tám trăm tám mươi ba niên hiệu tự đức,31.25
/mnt/mmlab2024/datasets/Backup/final_dataset/wav_split_2/data_1/117/117_000006379.wav,điện giun nếu dông điện quá yếu tế bào sẽ dần dần bị biến đổi thành tế bào kỳ khí,điện quá yếu tế bào sẽ dần dần bị biến đổi thành tế bào kị khí,31.25
/mnt/mmlab2024/datasets/Backup/final_dataset/wav_split_2/data_1/011/011_000000614.wav,nhắc lại số lượng lớn vì nếu bạn chỉ tạo ra được một cái thì dĩ nhiên là không đủ,chuyện vì nếu bạn chỉ tạo ra được một cái thì dĩ nhiên là không đủ,31.25
/mnt/mmlab2024/datasets/Backup/final_dataset/wav_split_2/data_1/050/050_000002990.wav,không biết anh ấy nói phải hợp tác thế nào với ta một kẻ không có khả năng hài lòng,nuôi phải hợp tác thế nào với ta một kẻ không có khả năng hài lòng,31.25
/mnt/mmlab2024/datasets/Backup/final_dataset/wav_split_2/data_1/050/050_000000711.wav,và cũng không thể tính tương đối vì cho dù có thêm vào bao nhiêu quả bóng đi chăng nữa,tìm tương đối vì cho dù có thêm vào bao nhiêu quả bóng đi chăng nữa,31.25
/mnt/mmlab2024/datasets/Backup/final_dataset/wav_split_2/data_1/167/167_000001248.wav,tôi biết khi trưởng thành đã đến lúc mình ra đi đôi khi việc ra đi khiến tôi khiếp sợ nhưng nó luôn dạy tôi rằng ý nghĩa đích thực,khi trưởng thành đã đê n lúc mình ra đi đôi khi việc ra đi khiê n tôi khiê p sợ nhưng nó luôn dạy tôi ră ng ý nghĩa đích thực,31.25
/mnt/mmlab2024/datasets/Backup/final_dataset/wav_split_2/data_1/116/116_000000411.wav,vừa hoảng sợ vừa đau tim vừa hoa lau mặc dù cơ thể không hề thay đổi gì cả,vừa đau tim vừa ho lao mặc dù cơ thể không hề thay đổi gì cả,31.25
/mnt/mmlab2024/datasets/Backup/final_dataset/wav_split_2/data_1/129/129_000002036.wav,nhiều bữa mới chín nhiều quá nó phải rủ bọn trẻ đến cho chúng ăn thoải mái,nhiều quá nó phải rủ bọn trẻ đến cho chúng ăn thoải mái,30.76923077
/mnt/mmlab2024/datasets/Backup/final_dataset/wav_split_2/data_1/092/092_000002970.wav,trương y dọc đường cùng hầu sửu nói chuyện vui như anh em,dọc đường cùng hầu sửu uống rượu nói chuyện vui như anh em,30.76923077
/mnt/mmlab2024/datasets/Backup/final_dataset/wav_split_2/data_1/167/167_000002060.wav,nếu tôi không làm thế liệu kính chắn gió có bị nứt không,tôi không làm thê liệu kính chă n gió có bị nứt không,30.76923077
/mnt/mmlab2024/datasets/Backup/final_dataset/wav_split_2/data_1/086/086_000004809.wav,đã đến lúc rồi đã đến lúc bà phải giặt mớ đồ hôi hám của mình rồi,đã đến lúc bà phải giặt mớ đồ hôi hám của mình rồi,30.76923077
/mnt/mmlab2024/datasets/Backup/final_dataset/wav_split_2/data_1/001/001_000002146.wav,anh sắp lên đường anh muốn em biết rằng anh sẽ trở lại anh yêu em vì,anh muốn em biết rằng anh sẽ trở lại anh yêu em vì,30.76923077
/mnt/mmlab2024/datasets/Backup/final_dataset/wav_split_2/data_1/163/163_000005547.wav,mùng một tháng giêng tây năm một ngàn chín trăm ba mươi chín,một tháng giêng tây một một một nghìn chín trăm ba mươi chín,30.76923077
/mnt/mmlab2024/datasets/Backup/final_dataset/wav_split_2/data_1/124/124_000007115.wav,có sần tè nít có suối có rừng và có cửa hàng ăn đặc sản trời ơi,có suối có rừng và có cửa hàng ăn đặc sản trời ơi,30.76923077
/mnt/mmlab2024/datasets/Backup/final_dataset/wav_split_2/data_2/830/830_000000330.wav,giải quyết rất đơn giản nhanh chóng các thêm không phải lo quá,quyết rất đơn giản và nhanh chóng các thím k phải lo quá,30.76923077
/mnt/mmlab2024/datasets/Backup/final_dataset/wav_split_2/data_1/180/180_000002716.wav,nên con phải làm ban đêm chứ sao chị dậu chưa hết sợ,phải làm ban đêm chứ làm sao chị dậu vẫn chưa hết sợ,30.76923077
/mnt/mmlab2024/datasets/Backup/final_dataset/wav_split_2/data_1/162/162_000000499.wav,năm nhà không ngủ được dù đêm trước trượt thúp lòi mắt người bãi quái chạy ra chạy vào không làm cái gì ra hôn,nhà không ngủ được mặc dù đêm trước trực thức lòi mắt người bải hoải chạy ra chạy vào không làm được cái gì ra hồn,30.76923077
/mnt/mmlab2024/datasets/Backup/final_dataset/wav_split_2/data_1/136/136_000001018.wav,thì bọn chúng bao vây vòng ngoài rất chặt chẽ và bền bỉ,chúng bao vây vòng ngoài ngoại tuyến rất chặt chẽ và bền bỉ,30.76923077
/mnt/mmlab2024/datasets/Backup/final_dataset/wav_split_2/data_2/088/088_000000066.wav,mình đã có cái mình muốn tôi lại nhìn xa hơn những anh chị làm phiên dịch,mình muốn tôi lại nhìn xa hơn những anh chị làm phiên dịch,30.76923077
/mnt/mmlab2024/datasets/Backup/final_dataset/wav_split_2/data_2/472/472_000000066.wav,mình đã có cái mình muốn tôi lại nhìn xa hơn những anh chị làm phiên dịch,mình muốn tôi lại nhìn xa hơn những anh chị làm phiên dịch,30.76923077
/mnt/mmlab2024/datasets/Backup/final_dataset/wav_split_2/data_2/335/335_000000130.wav,toàn là cảm giác tích cực có người sẽ không cảm thấy gì,là cảm giác tích cực sẽ có người không hề cảm thấy gì,30.76923077
/mnt/mmlab2024/datasets/Backup/final_dataset/wav_split_2/data_1/057/057_000010709.wav,trong bốn trăm ba mươi ba bảo lộc ta sống và ý thức,bốn trăm ba mươi ba tt bao lâu ta sống và ý thức,30.76923077
/mnt/mmlab2024/datasets/Backup/final_dataset/wav_split_2/data_1/066/066_000000108.wav,theo kiểu gọi tất cả ứng viên trong một cuộc thi là ứng viên tìm năng hay gọi người lạ là ngài vì không giớt,kiểu gọi tất cả ứng viên của một cuộc thi là những nhà vô địch tiềm năng hay gọi người lạ là ngài vì không nhớ,30.76923077
/mnt/mmlab2024/datasets/Backup/final_dataset/wav_split_2/data_2/726/726_000000130.wav,toàn là cảm giác tích cực có người sẽ không cảm thấy gì,là cảm giác tích cực sẽ có người không hề cảm thấy gì,30.76923077
/mnt/mmlab2024/datasets/Backup/final_dataset/wav_split_2/data_1/088/088_000008051.wav,cung tử tang em thấy tử hoa tính ưa những sự kỳ quặc,tử tang em thế tử hoa tính hay thích những sự kỳ quặc,30.76923077
/mnt/mmlab2024/datasets/Backup/final_dataset/wav_split_2/data_1/143/143_000005013.wav,thế a giao thế nhiệm vụ đặc biệt của an ninh quân đội thái đáp liệu,thế nhiệm vụ đặc biệt của an ninh quân đội thái đáp liều,30.76923077
/mnt/mmlab2024/datasets/Backup/final_dataset/wav_split_2/data_1/071/071_000007895.wav,năm một nghìn sáu trăm tám nhăm một nghìn bảy trăm năm ba chết da người anh giám mục địa phận loj,một nghìn sáu trăm tám mươi lăm một nghìn bảy trăm năm mươi ba triết gia người anh giám mục địa phận cloyne,30.43478261
/mnt/mmlab2024/datasets/Backup/final_dataset/wav_split_2/data_1/105/105_000006058.wav,và không thể thay đổi một người do thái ngoan đạo sẽ nói rằng đó là hệ thống luật lệ đạo đức,không thể thay đổi chúng một người jevê kép sùng đạo sẽ nói rằng đây là hệ thống những luật lệ đạo đức,30.43478261